taxiName,startLat,startLong,endLat,endLong
ap29bn1234,17.48909989,78.503040,17.5091000,78.523040
ts89vn8789,17.47909989,78.473040,17.4991000,78.523040