username1,username1@hotmail.com,2016,Male,8121888888,Hyderabad,false,78.469516930,17.388044473
username2,username2@hotmail.com,2021,Female,81218888870,Hyderabad,false,78.489516930,17.398044473
username3,username3@gmail.com,2017,Male,8121888881,Hyderabad,false,78.489516930,17.388044473
username4,username4@yahoo.com,2018,Male,8121888882,Hyderabad,false,78.489516931,17.388044473
username5,username5@gmail.com,2020,Male,8121888883,Hyderabad,false,78.479516930,17.388044473
username6,username6@hotmail.com,2020,Male,8121888884,Hyderabad,false,78.469516930,17.378044473
username7,username7@hotmail.com,2021,Male,8121888885,Hyderabad,false,78.488516930,17.388044473
username8,username8@gmail.com,2020,Female,8121888886,Hyderabad,false,78.459516930,17.368044473
username9,username9@hotmail.com,2018,Female,8121888887,Hyderabad,false,78.469516930,17.388044473
